trade_id,strategy,mint,symbol,signal_time,decision_time,execution_time,latency,market_price,requested_size,filled_size,slippage,fees,liquidity_at_entry,liquidity_at_exit,fill_status,exit_time,exit_price,exit_reason,realized_pnl_usd,return_pct,alpha_score,risk_score,regime,source_type
6761e855,Real_Live_Paper_Wallet,DZWQT5dq1UtdFdWxaJNx4fQ2m89XCRKHg8N1wD5Kpump,SUGAR,2026-09-07 10:59:24,2026-09-07 10:59:24,2026-09-07 10:59:24,50.0,3.8035942675052185e-05,5.77,5.77,0.0693,0.0642,17809.68,17809.68,FILLED,2026-09-07 10:59:51,5.196930177655158e-05,TAKE_PROFIT_TIER_2 (+37.2% target hit),2.0858,36.15,73.17,21.0,R3_EARLY_IGNITION,REAL
f80dddfc,Real_Live_Paper_Wallet,AQVZAvm9VZSFfctKuTKvbnjPNtnYxuDZ2QnkCU4gpump,NASDONK,2026-09-07 11:04:41,2026-09-07 11:04:41,2026-09-07 11:04:41,50.0,0.00017728916949932022,6.85,6.85,0.0644,0.062,32685.82,32685.82,FILLED,2026-09-07 11:06:17,0.00015310164250290212,STOP_LOSS_TRIGGERED (-13.3% <= -10.0%),-0.972,-14.19,66.63,19.0,R5_EXPANSION,REAL
4612e21d,Real_Live_Paper_Wallet,AGi2s9zPRPHs3zEDPhPTroumTEXK5ufymYSfEFndCSSW,LEVERCAT,2026-09-07 11:35:34,2026-09-07 11:35:34,2026-09-07 11:35:34,50.0,6.928904669004584e-05,6.7,6.7,0.0576,0.0586,19159.14,19159.14,FILLED,2026-09-07 11:36:08,4.864085506497667e-05,STOP_LOSS_TRIGGERED (-29.5% <= -10.0%),-2.0386,-30.43,85.71,21.0,R5_EXPANSION,REAL
9fef0407,Real_Live_Paper_Wallet,9iU8UsWKEBndtqUAMMppz5oeHJEKLrbGvpqicANKpump,Cutecat,2026-09-07 11:55:44,2026-09-07 11:55:44,2026-09-07 11:55:44,50.0,6.591715449121798e-05,5.8,5.8,0.0637,0.0616,22309.94,22309.94,FILLED,2026-09-07 11:56:36,7.736026913877902e-05,TAKE_PROFIT_TIER_1 (+18.0% target hit),0.9784,16.87,68.21,21.0,R1_DORMANT,REAL
aed74757,Real_Live_Paper_Wallet,2eThKEKHw8u5WefvoNJWAscufRokid1BFRpKgtQUUn88,SCAT,2026-09-07 11:53:53,2026-09-07 11:53:53,2026-09-07 11:53:53,50.0,5.5108637717671945e-05,6.39,6.39,0.0602,0.0599,26418.51,26418.51,FILLED,2026-09-07 11:57:03,4.782450889425647e-05,STOP_LOSS_TRIGGERED (-12.8% <= -10.0%),-0.8799,-13.77,68.52,19.0,R3_EARLY_IGNITION,REAL
1fb62d7c,Real_Live_Paper_Wallet,7z6pRVLuaHkhJivD2r9ayisv2ypTPgZa5oieBFuhpump,POPFISH,2026-09-07 12:03:22,2026-09-07 12:03:22,2026-09-07 12:03:22,50.0,4.449981174136537e-05,5.56,5.56,0.0527,0.0561,15132.99,15132.99,FILLED,2026-09-07 12:03:55,3.88146133571193e-05,STOP_LOSS_TRIGGERED (-12.4% <= -10.0%),-0.7461,-13.42,66.5,21.0,R4_CONFIRMED_IGNITION,REAL
3e650dac,Real_Live_Paper_Wallet,Ge6rAm237dwWXkgkVfKSxCMJRJ3HwMDD6R52gcSjpump,JUMPFUN,2026-09-07 12:09:30,2026-09-07 12:09:30,2026-09-07 12:09:30,50.0,0.000170275686620665,5.66,5.66,0.0537,0.0568,31781.27,31781.27,FILLED,2026-09-07 12:09:59,0.0001502640062837128,STOP_LOSS_TRIGGERED (-11.2% <= -10.0%),-0.6868,-12.13,70.01,19.0,R3_EARLY_IGNITION,REAL
19231552,Real_Live_Paper_Wallet,AGi2s9zPRPHs3zEDPhPTroumTEXK5ufymYSfEFndCSSW,LEVERCAT,2026-09-07 12:06:17,2026-09-07 12:06:17,2026-09-07 12:06:17,50.0,9.249925969208984e-05,6.31,6.31,0.0607,0.0602,24972.91,24972.91,FILLED,2026-09-07 12:10:51,8.377868405279325e-05,THESIS_LOSS_CONFIRMED (-9.1% <= -7.0% for 2 observations),-0.6302,-9.99,70.87,19.0,R3_EARLY_IGNITION,REAL
674464f6,Real_Live_Paper_Wallet,22LNh5oNGp22xHoudkRfN1rwJMAW4vQgqiH5RR8dpump,Amazoon,2026-09-07 12:09:50,2026-09-07 12:09:50,2026-09-07 12:09:50,50.0,0.00020094940343542178,6.18,6.18,0.0586,0.0591,35388.7,35388.7,FILLED,2026-09-07 12:12:22,0.0001774714943068604,STOP_LOSS_TRIGGERED (-11.3% <= -10.0%),-0.7591,-12.28,68.34,19.0,R5_EXPANSION,REAL
